{
    "topic 1": {
        "count": 1920,
        "x": 0.10732853874063197,
        "y": -0.16294890706620632
    },
    "topic 2": {
        "count": 1187,
        "x": -0.051779488477823175,
        "y": 0.16349804278183502
    },
    "topic 3": {
        "count": 1990,
        "x": -0.01965155946698215,
        "y": -0.003799163997154726
    },
    "topic 4": {
        "count": 2100,
        "x": -0.20240368362119593,
        "y": 0.02362973983821741
    },
    "topic 5": {
        "count": 1783,
        "x": 0.09301481268415217,
        "y": 0.1301540369591635
    },
    "topic 6": {
        "count": 2264,
        "x": 0.17220367424505525,
        "y": 0.005109609233580705
    },
    "topic 7": {
        "count": 1928,
        "x": -0.09871229410383815,
        "y": -0.1556433577494356
    }
}