{
    "topic 1": {
        "count": 1904,
        "x": -0.10498384391101943,
        "y": 0.02089436968723324
    },
    "topic 2": {
        "count": 2015,
        "x": 0.019941723778521492,
        "y": 0.07561683420293962
    },
    "topic 3": {
        "count": 2085,
        "x": -0.1521589327110895,
        "y": 0.15519307572830288
    },
    "topic 4": {
        "count": 1930,
        "x": 0.18898218068381828,
        "y": -0.13714623691155026
    },
    "topic 5": {
        "count": 1684,
        "x": 0.08052465110744045,
        "y": -0.029680964223954154
    },
    "topic 6": {
        "count": 1218,
        "x": 0.2000087884552691,
        "y": 0.10719320259725813
    },
    "topic 7": {
        "count": 1057,
        "x": 0.04184634223534143,
        "y": 0.22293351904598221
    },
    "topic 8": {
        "count": 929,
        "x": 0.011689986844965097,
        "y": -0.20054510803044898
    },
    "topic 9": {
        "count": 1000,
        "x": -0.22402133720999085,
        "y": -0.11927874353641575
    },
    "topic 10": {
        "count": 907,
        "x": -0.06182955927325611,
        "y": -0.09517994855934697
    }
}